<atlas img="maki.png">
    <rect name="airfield" pos="1 105 24 24" />
    <rect name="airport" pos="1 79 24 24" />
    <rect name="alcohol-shop" pos="27 105 24 24" />
    <rect name="america-football" pos="1 53 24 24" />
    <rect name="art-gallery" pos="27 79 24 24" />
    <rect name="bank" pos="53 105 24 24" />
    <rect name="bar" pos="1 27 24 24" />
    <rect name="baseball" pos="27 53 24 24" />
    <rect name="basketball" pos="53 79 24 24" />
    <rect name="beer" pos="79 105 24 24" />
    <rect name="bicycle" pos="1 1 24 24" />
    <rect name="building" pos="27 27 24 24" />
    <rect name="bus" pos="53 53 24 24" />
    <rect name="cafe" pos="79 79 24 24" />
    <rect name="campsite" pos="105 105 24 24" />
    <rect name="cemetery" pos="27 1 24 24" />
    <rect name="cinema" pos="53 27 24 24" />
    <rect name="circle" pos="105 79 24 24" />
    <rect name="circle-stroked" pos="79 53 24 24" />
    <rect name="city" pos="131 105 24 24" />
    <rect name="college" pos="53 1 24 24" />
    <rect name="commercial" pos="79 27 24 24" />
    <rect name="cricket" pos="105 53 24 24" />
    <rect name="cross" pos="131 79 24 24" />
    <rect name="dam" pos="157 105 24 24" />
    <rect name="danger" pos="79 1 24 24" />
    <rect name="disability" pos="105 27 24 24" />
    <rect name="embassy" pos="131 53 24 24" />
    <rect name="emergency-telephone" pos="157 79 24 24" />
    <rect name="farm" pos="183 105 24 24" />
    <rect name="fast-food" pos="105 1 24 24" />
    <rect name="ferry" pos="131 27 24 24" />
    <rect name="fire-station" pos="157 53 24 24" />
    <rect name="fuel" pos="183 79 24 24" />
    <rect name="garden" pos="209 105 24 24" />
    <rect name="golf" pos="131 1 24 24" />
    <rect name="grocery" pos="157 27 24 24" />
    <rect name="harbor" pos="183 53 24 24" />
    <rect name="heliport" pos="209 79 24 24" />
    <rect name="hospital" pos="235 105 24 24" />
    <rect name="industrial" pos="157 1 24 24" />
    <rect name="land-use" pos="183 27 24 24" />
    <rect name="library" pos="209 53 24 24" />
    <rect name="lodging" pos="235 79 24 24" />
    <rect name="logging" pos="261 105 24 24" />
    <rect name="marker" pos="209 27 24 24" />
    <rect name="marker-stroked" pos="183 1 24 24" />
    <rect name="monument" pos="235 53 24 24" />
    <rect name="museum" pos="261 79 24 24" />
    <rect name="music" pos="287 105 24 24" />
    <rect name="oil-well" pos="209 1 24 24" />
    <rect name="park" pos="235 27 24 24" />
    <rect name="park2" pos="261 53 24 24" />
    <rect name="parking" pos="313 105 24 24" />
    <rect name="parking-garage" pos="287 79 24 24" />
    <rect name="pharmacy" pos="235 1 24 24" />
    <rect name="pitch" pos="261 27 24 24" />
    <rect name="place-of-worship" pos="287 53 24 24" />
    <rect name="police" pos="313 79 24 24" />
    <rect name="post" pos="339 105 24 24" />
    <rect name="prison" pos="261 1 24 24" />
    <rect name="rail" pos="339 79 24 24" />
    <rect name="rail-above" pos="287 27 24 24" />
    <rect name="rail-underground" pos="313 53 24 24" />
    <rect name="religious-christian" pos="365 105 24 24" />
    <rect name="religious-jewish" pos="287 1 24 24" />
    <rect name="religious-muslim" pos="313 27 24 24" />
    <rect name="restaurant" pos="339 53 24 24" />
    <rect name="roadblock" pos="365 79 24 24" />
    <rect name="school" pos="391 105 24 24" />
    <rect name="shop" pos="313 1 24 24" />
    <rect name="skiing" pos="339 27 24 24" />
    <rect name="slaughterhouse" pos="365 53 24 24" />
    <rect name="soccer" pos="391 79 24 24" />
    <rect name="square" pos="339 1 24 24" />
    <rect name="square-stroked" pos="417 105 24 24" />
    <rect name="star" pos="391 53 24 24" />
    <rect name="star-stroked" pos="365 27 24 24" />
    <rect name="swimming" pos="417 79 24 24" />
    <rect name="telephone" pos="443 105 24 24" />
    <rect name="tennis" pos="365 1 24 24" />
    <rect name="theatre" pos="391 27 24 24" />
    <rect name="toilets" pos="417 53 24 24" />
    <rect name="town" pos="469 105 24 24" />
    <rect name="town-hall" pos="443 79 24 24" />
    <rect name="triangle" pos="417 27 24 24" />
    <rect name="triangle-stroked" pos="391 1 24 24" />
    <rect name="village" pos="443 53 24 24" />
    <rect name="warehouse" pos="469 79 24 24" />
    <rect name="waste-basket" pos="417 1 24 24" />
    <rect name="water" pos="443 27 24 24" />
    <rect name="wetland" pos="469 53 24 24" />
    <rect name="zoo" pos="443 1 24 24" />
  </atlas>