<?xml version="1.0" encoding="UTF-8" standalone="no"?>
<module rename-to="VtmWebApp">

  <entry-point class="org.oscim.web.client.GwtLauncher" />

  <inherits name="org.oscim.gdx.VtmWeb" />

  <inherits name='org.timepedia.exporter.Exporter' />
  <set-property name="export" value="yes" />

  <set-property name='gwt.logging.enabled' value='TRUE' />
  <set-property name='gwt.logging.consoleHandler' value='ENABLED' />
  <set-property name='gwt.logging.firebugHandler' value='DISABLED' />
  <set-property name='gwt.logging.popupHandler' value='DISABLED' />
  <set-property name="gwt.logging.logLevel" value="FINE" />

  <!-- super dev mode -->
  <add-linker name="xsiframe" />
  <set-configuration-property name='xsiframe.failIfScriptTag' value='FALSE' />
  <set-configuration-property name="devModeRedirectEnabled" value="true" />

  <set-configuration-property name="gdx.assetpath" value="assets" />

  <!-- for gradle build, commend out for eclipse build -->
  <set-configuration-property name="gdx.assetoutputpath" value="build/gwt/draftOut" />

  <set-property name="user.agent" value="safari" />
</module>
