<?xml version="1.0" encoding="UTF-8"?>
<!DOCTYPE module PUBLIC "-//Google Inc.//DTD Google Web Toolkit 2.5.1//EN" "https://gwt.googlesource.com/gwt/+/master/distro-source/core/src/gwt-module.dtd">
<module rename-to='com.badlogic.gdx.backends.gwt'>
	<inherits name='com.google.gwt.user.User' />
	<!-- Inherit edited chrome theme ("gwt"-prefixed classes only) for a little bit of default styling in the text input dialogs -->
	<inherits name='com.badlogic.gdx.backends.gwt.theme.chrome.Chrome'/>
	<inherits name="com.google.gwt.http.HTTP"/>
	
	<inherits name="com.badlogic.gdx" />
	<inherits name="com.google.gwt.webgl.WebGL" />
	<inherits name="com.badlogic.gwtref.GwtReflect"/>

	<!-- <script src="soundmanager2-setup.js"/>
	<script src="soundmanager2-jsmin.js"/> -->
	
	<!-- <public path="gwt/resources"/>  -->
	<super-source path="gwt/emu" />
	<source path="gwt">
        <exclude name="**/emu/**" />
      	<exclude name="**/theme/**" />
		<exclude name="**/PreloaderBundleGenerator.java"/>
		<exclude name="**/FileWrapper.java"/>
        <exclude name="**/emu/**" />
	</source>
	
	<define-configuration-property name="gdx.assetpath" is-multi-valued="false"/>
	<define-configuration-property name="gdx.assetfilterclass" is-multi-valued="false"/>
	<define-configuration-property name="gdx.assetoutputpath" is-multi-valued="false"/>
	
	<generate-with class="com.badlogic.gdx.backends.gwt.preloader.PreloaderBundleGenerator">
		<when-type-assignable class="com.badlogic.gdx.backends.gwt.preloader.PreloaderBundle"/>
	</generate-with>
</module>
